
<entities xmlns:xsd="http://www.w3.org/2001/XMLSchema" xmlns:xsi="http://www.w3.org/2001/XMLSchema-instance" timestamp="2023-07-21T15:42:20.1388401Z">
  <entity name="account" displayname="Account">
    <records>
      <record id="ca0412da-8bfb-eb11-94ef-000d3ad67a61">
        <field name="accountid" value="ca0412da-8bfb-eb11-94ef-000d3ad67a61" />
        <field name="name" value="House of Commons" />
      </record>
      <record id="991fa7e6-8bfb-eb11-94ef-000d3ad67a61">
        <field name="accountid" value="991fa7e6-8bfb-eb11-94ef-000d3ad67a61" />
        <field name="name" value="House of Lords" />
      </record>
    </records>
    <m2mrelationships />
  </entity>
</entities>